{
    "train_losses": [
        1.1598048022588094,
        1.1153654918670655,
        1.067050315539042,
        0.9547238267262776,
        0.9093590850830078,
        0.8596171379089356,
        0.8340139174461365,
        0.8085288990338644,
        0.7820432205200195,
        0.7671843147277833,
        0.7461274178822835,
        0.7207268093427023,
        0.7193666343688965,
        0.7155909606615702,
        0.702370120048523,
        0.677977425734202,
        0.6644117163022359,
        0.6659876697858175,
        0.669029800415039,
        0.6357674171129862,
        0.6550600384076436,
        0.6391265791257222,
        0.6378619998296102,
        0.6333549374739329,
        0.61714000638326,
        0.6129713908831278,
        0.6121070265769959,
        0.5950079011917114,
        0.6043264463742574,
        0.5928913345336914
    ],
    "val_losses": [
        1.0774791116714477,
        1.0570309742291768,
        1.0155247996648153,
        0.8521810717582703,
        0.8037154925664266,
        0.7791826876004537,
        0.7488596749305725,
        0.7459289371172587,
        0.7215709190368652,
        0.683268577337265,
        0.6597509398460388,
        0.661876081943512,
        0.6573119222323099,
        0.6547522683143616,
        0.6357154035568238,
        0.6393065659205118,
        0.6177613768577576,
        0.6191562609672546,
        0.6260372942288717,
        0.6369744677543641,
        0.6135283027489981,
        0.6040754511356353,
        0.6024153669675191,
        0.5939666055043539,
        0.5824486675262451,
        0.5999981978734334,
        0.5870546809832256,
        0.6258685638109843,
        0.585041655699412,
        0.5702055283387502
    ],
    "train_accuracies": [
        0.3683333334128062,
        0.38816666674613953,
        0.4418333332538605,
        0.5371666665871938,
        0.5589999999205272,
        0.5851666665871939,
        0.6068333331743876,
        0.6171666666666666,
        0.6335,
        0.6451666666666667,
        0.6441666665077209,
        0.6646666668256124,
        0.673,
        0.6668333331743876,
        0.6863333333333334,
        0.6950000001589457,
        0.7006666665077209,
        0.7046666665077209,
        0.6994999998410543,
        0.713,
        0.7045,
        0.7218333333333333,
        0.7166666666666667,
        0.7216666666666667,
        0.7251666668256124,
        0.7305,
        0.7293333333333333,
        0.741333333492279,
        0.7379999998410542,
        0.743666666507721
    ],
    "val_accuracies": [
        0.4093333334128062,
        0.44133333349227905,
        0.484,
        0.5880000003178915,
        0.6106666661898295,
        0.6440000003178914,
        0.6413333333333333,
        0.6533333330154419,
        0.6586666671435039,
        0.6780000001589457,
        0.6960000003178914,
        0.6906666666666667,
        0.6973333336512247,
        0.7020000001589457,
        0.7039999996821086,
        0.7133333330154419,
        0.7119999996821086,
        0.7193333333333334,
        0.7193333330154419,
        0.7179999996821086,
        0.7380000004768371,
        0.7360000004768371,
        0.7226666671435038,
        0.7260000003178915,
        0.7413333336512248,
        0.7279999996821086,
        0.7366666671435038,
        0.7219999996821086,
        0.7466666671435038,
        0.7460000004768371
    ],
    "best_val_accuracy": 0.7466666671435038
}